Fault_Type,Theoretical_Frequency_Hz,Bearing_Type
BPFI,107.5435450819672,SKF6205
BPFO,162.4564549180328,SKF6205
BSF,70.7024314014948,SKF6205
FTF,11.949282786885245,SKF6205
